{"cameraMode":{"drawMode":0,"name":"Shaded","section":"Shading Mode"},"sceneLighting":true,"audioPlay":false,"sceneViewState":{"m_AlwaysRefresh":false,"showFog":true,"showSkybox":true,"showFlares":true,"showImageEffects":true,"showParticleSystems":true,"showVisualEffectGraphs":true,"m_FxEnabled":true},"in2DMode":false,"pivot":{"x":-1.7056976556777955,"y":10.792302131652832,"z":-25.02945327758789},"rotation":{"x":-0.3665543496608734,"y":-0.006422402802854776,"z":0.0025315778329968454,"w":-0.9303801655769348},"size":7.664584159851074,"orthographic":false}