{"cameraMode":{"drawMode":0,"name":"Shaded","section":"Shading Mode"},"sceneLighting":true,"audioPlay":false,"sceneViewState":{"m_AlwaysRefresh":false,"showFog":true,"showSkybox":true,"showFlares":true,"showImageEffects":true,"showParticleSystems":true,"showVisualEffectGraphs":true,"m_FxEnabled":true},"in2DMode":false,"pivot":{"x":-28.906824111938478,"y":3.1041550636291506,"z":-27.768800735473634},"rotation":{"x":0.3237185478210449,"y":0.05833734944462776,"z":-0.020359661430120469,"w":0.9441920518875122},"size":6.594418048858643,"orthographic":false}